ID,Airplane Tail,Dataload Target,Software Part Number,Dataload protocol,Features,Episode Start Date
0,NAFEMQ,DZB-88,R1G39-FDI3H-VD6HW,UDP,"['S2', 'F10', 'E1']",2022-01-01T06:30:07
1,NXGXCR,JYM-71,7ZSSL-8FRI8-O9R6A,UDP,"['S2', 'F10', 'E2']",2022-01-08T07:56:47
2,NXGXCR,JYM-71,7ZSSL-8FRI8-O9R6A,UDP,"['S2', 'S2', 'F10', 'S2', 'S2', 'F10', 'F10', 'E2']",2022-01-08T07:58:06
3,NXGXCR,JYM-71,7ZSSL-8FRI8-O9R6A,AFDX,"['S2', 'F10', 'E1']",2022-01-08T08:08:35
4,NXGXCR,CYP-01,FR361-IQC8I-X45Z8,AFDX,"['S2', 'F10', 'E1']",2022-01-08T08:10:33
5,NXGXCR,CYP-01,X79C3-31AJN-WCYC5,UDP,"['S2', 'F10', 'E1']",2022-01-08T08:13:09
6,NXGXCR,CYP-01,TQ714-D0L0D-IS3JV,AFDX,"['S2', 'F10', 'E1']",2022-01-08T08:14:06
7,NXGXCR,CYP-01,Q97Q0-98KL9-KCNIX,AFDX,"['S2', 'F10', 'E1']",2022-01-08T08:14:43
8,NXGXCR,CYP-01,0BQIO-SFP7L-LA6M8,TCP,"['S2', 'F10', 'E1']",2022-01-08T08:15:27
9,NXGXCR,CYP-01,762RU-BXP3L-H5W46,UDP,"['S2', 'F10', 'E1']",2022-01-08T08:16:12
10,NAFEMQ,JYM-71,7ZSSL-8FRI8-O9R6A,TCP,"['S2', 'F10', 'E1']",2022-01-10T04:00:54
11,NAFEMQ,CYP-01,FR361-IQC8I-X45Z8,TCP,"['S2', 'F10', 'E1']",2022-01-10T04:04:19
12,NAFEMQ,CYP-01,X79C3-31AJN-WCYC5,UDP,"['S2', 'F10', 'E1']",2022-01-10T04:07:57
13,NAFEMQ,CYP-01,TQ714-D0L0D-IS3JV,AFDX,"['S2', 'F10', 'E1']",2022-01-10T04:09:47
14,NAFEMQ,CYP-01,Q97Q0-98KL9-KCNIX,AFDX,"['S2', 'F10', 'E1']",2022-01-10T04:10:53
15,NAFEMQ,CYP-01,0BQIO-SFP7L-LA6M8,UDP,"['S2', 'S2', 'F10', 'E1']",2022-01-10T04:12:00
16,NAFEMQ,CYP-01,762RU-BXP3L-H5W46,TCP,"['S2', 'F10', 'E1']",2022-01-10T04:12:51
17,NVTCMR,JYM-71,7ZSSL-8FRI8-O9R6A,AFDX,"['S2', 'F10', 'E1']",2022-01-13T05:52:00
18,NVTCMR,JYM-71,7ZSSL-8FRI8-O9R6A,UDP,"['F10', 'E2']",2022-01-13T05:56:04
19,NVTCMR,JYM-71,7ZSSL-8FRI8-O9R6A,UDP,"['S2', 'F10', 'E2']",2022-01-13T05:57:19
20,NVTCMR,JYM-71,7ZSSL-8FRI8-O9R6A,AFDX,"['S2', 'F10', 'F10', 'E1']",2022-01-13T06:17:57
21,NVTCMR,CYP-01,FR361-IQC8I-X45Z8,AFDX,"['S2', 'F10', 'E1']",2022-01-13T06:25:25
22,NVTCMR,CYP-01,X79C3-31AJN-WCYC5,TCP,"['S2', 'F10', 'E1']",2022-01-13T06:29:52
23,NVTCMR,CYP-01,TQ714-D0L0D-IS3JV,AFDX,"['S2', 'F10', 'E1']",2022-01-13T06:31:44
24,NVTCMR,CYP-01,Q97Q0-98KL9-KCNIX,TCP,"['S2', 'F10', 'E1']",2022-01-13T06:33:07
25,NVTCMR,CYP-01,0BQIO-SFP7L-LA6M8,UDP,"['S2', 'F10', 'E1']",2022-01-13T06:34:11
26,NVTCMR,CYP-01,762RU-BXP3L-H5W46,UDP,"['S2', 'F10', 'F10', 'E1']",2022-01-13T06:35:07
27,NHLRUL,JYM-71,7ZSSL-8FRI8-O9R6A,TCP,"['S2', 'F10', 'E1']",2022-01-14T04:16:32
28,NHLRUL,CYP-01,FR361-IQC8I-X45Z8,UDP,"['S2', 'F10', 'E1']",2022-01-14T04:21:44
29,NHLRUL,CYP-01,X79C3-31AJN-WCYC5,UDP,"['S2', 'F10', 'E1']",2022-01-14T04:26:11
30,NHLRUL,CYP-01,TQ714-D0L0D-IS3JV,UDP,"['S2', 'F10', 'E1']",2022-01-14T04:28:23
31,NHLRUL,CYP-01,Q97Q0-98KL9-KCNIX,AFDX,"['S2', 'F10', 'E1']",2022-01-14T04:31:18
32,NHLRUL,CYP-01,0BQIO-SFP7L-LA6M8,AFDX,"['S2', 'F10', 'E1']",2022-01-14T04:33:35
33,NHLRUL,CYP-01,762RU-BXP3L-H5W46,TCP,"['S2', 'F10', 'F10', 'E1']",2022-01-14T04:35:44
34,NHLRUL,CYP-01,FR361-IQC8I-X45Z8,TCP,"['F10', 'S2', 'F10', 'E1']",2022-01-14T04:38:03
35,NHLRUL,CYP-01,X79C3-31AJN-WCYC5,TCP,"['S2', 'F10', 'E2']",2022-01-14T04:44:45
36,NHLRUL,CYP-01,X79C3-31AJN-WCYC5,TCP,"['S2', 'F10', 'E1']",2022-01-14T04:45:55
37,NHLRUL,CYP-01,TQ714-D0L0D-IS3JV,TCP,"['S2', 'F10', 'E2']",2022-01-14T04:47:22
38,NHLRUL,CYP-01,TQ714-D0L0D-IS3JV,AFDX,"['F10', 'E1']",2022-01-14T04:48:23
39,NHLRUL,CYP-01,Q97Q0-98KL9-KCNIX,TCP,"['S2', 'F10', 'E2']",2022-01-14T04:49:34
40,NHLRUL,CYP-01,Q97Q0-98KL9-KCNIX,UDP,"['F10', 'E1']",2022-01-14T04:50:27
41,NHLRUL,CYP-01,0BQIO-SFP7L-LA6M8,UDP,"['S2', 'F10', 'F10', 'F10', 'E1']",2022-01-14T04:51:41
42,NHLRUL,CYP-01,762RU-BXP3L-H5W46,AFDX,"['S2', 'F10', 'E2']",2022-01-14T04:53:18
43,NHLRUL,CYP-01,762RU-BXP3L-H5W46,UDP,"['F10', 'E1']",2022-01-14T04:54:13
44,NAFEMQ,QBH-26,TN554-7N2FG-X1YX6,TCP,"['S2', 'F10', 'F2', 'F1', 'E1']",2022-01-19T05:29:56
45,NAFEMQ,QZW-95,TN554-7N2FG-X1YX6,AFDX,"['F10', 'S2', 'S2', 'F10', 'E1']",2022-01-19T05:33:20
46,NVTCMR,DZB-88,R1G39-FDI3H-VD6HW,AFDX,"['S2', 'S2', 'S2', 'F10', 'F10', 'F10', 'E1']",2022-01-20T02:45:18
47,NVTCMR,,,,"['F10', 'F10', 'S2', 'S2', 'E4']",2022-01-20T03:04:45
48,NVTCMR,SKM-10,R1G39-FDI3H-VD6HW,AFDX,"['S2', 'S2', 'S2', 'S2', 'S2', 'F10', 'E1']",2022-01-20T03:23:34
49,NVTCMR,,,,"['F10', 'S2', 'E4']",2022-01-20T03:36:38
50,NVTCMR,QBH-26,TN554-7N2FG-X1YX6,AFDX,"['S2', 'F10', 'F10', 'F2', 'F1', 'E1']",2022-01-20T04:34:57
51,NVTCMR,QZW-95,TN554-7N2FG-X1YX6,UDP,"['S2', 'F10', 'F10', 'F10', 'E1']",2022-01-20T04:39:18
52,NVTCMR,,,,"['F10', 'S2', 'S2', 'E4']",2022-01-20T04:42:20
53,NNGLPO,QBH-26,TN554-7N2FG-X1YX6,UDP,"['S2', 'F10', 'F10', 'F2', 'F1', 'E1']",2022-01-20T05:11:24
54,NNGLPO,QZW-95,TN554-7N2FG-X1YX6,TCP,"['S2', 'S2', 'S2', 'F10', 'F10', 'E1']",2022-01-20T05:15:38
55,NHLRUL,,,,"['S2', 'S2', 'E4']",2022-01-21T07:00:07
56,NXGXCR,,,,"['S2', 'S2', 'E4']",2022-01-22T09:32:51
57,NXGXCR,FNQ-26,YNY60-IG56K-XDY9U,AFDX,"['S2', 'S2', 'F10', 'End7']",2022-01-22T09:49:52
58,NXGXCR,,,,"['S2', 'F10', 'E4']",2022-01-22T09:54:39
59,NXGXCR,FNQ-26,YNY60-IG56K-XDY9U,TCP,['E1'],2022-01-22T10:43:11
60,NXGXCR,FNQ-26,TJTNT-27SRC-7RK6I,UDP,"['S2', 'F10', 'E1']",2022-01-22T10:43:20
61,NXGXCR,,,,"['F10', 'S2', 'S2', 'S2', 'F10', 'E4']",2022-01-22T10:49:57
62,NXGXCR,FNQ-26,YNY60-IG56K-XDY9U,TCP,['E3'],2022-01-22T11:05:35
63,NXGXCR,FNQ-26,YNY60-IG56K-XDY9U,AFDX,"['F10', 'E3']",2022-01-22T11:05:52
64,NXGXCR,,,,"['F10', 'S2', 'E4']",2022-01-22T11:14:54
65,NYKTDU,DZB-88,CCO9Q-HK1YQ-VRMHY,UDP,"['S2', 'F10', 'E1']",2022-01-24T04:47:01
66,NXGXCR,DZB-88,CCO9Q-HK1YQ-VRMHY,TCP,"['S2', 'S2', 'F10', 'E1']",2022-01-24T05:06:44
67,NYKTDU,QBH-26,TN554-7N2FG-X1YX6,UDP,"['S2', 'S2', 'F10', 'F2', 'F1', 'E1']",2022-01-24T05:15:02
68,NYKTDU,QZW-95,TN554-7N2FG-X1YX6,AFDX,"['S2', 'S2', 'F10', 'E1']",2022-01-24T05:22:48
69,NXGXCR,QBH-26,TN554-7N2FG-X1YX6,UDP,"['F10', 'S2', 'S2', 'S2', 'S2', 'F10', 'F2', 'F1', 'E1']",2022-01-24T05:55:09
70,NXGXCR,QZW-95,TN554-7N2FG-X1YX6,TCP,"['S2', 'F10', 'F10', 'E1']",2022-01-24T06:01:03
71,NDVDCX,,,,"['S2', 'F10', 'E4']",2022-01-27T18:49:03
72,NDVDCX,DZB-88,I350O-7ZAEJ-OTCU2,UDP,['E1'],2022-01-27T19:54:48
73,NVTCMR,DZB-88,CCO9Q-HK1YQ-VRMHY,UDP,"['S2', 'F10', 'E1']",2022-01-29T05:37:55
74,NVTCMR,,,,"['F10', 'F10', 'E4']",2022-01-29T05:57:20
75,NHLRUL,QBH-26,TN554-7N2FG-X1YX6,AFDX,"['S2', 'F10', 'F10', 'F10', 'F2', 'F1', 'E1']",2022-01-30T07:30:32
76,NHLRUL,QZW-95,TN554-7N2FG-X1YX6,UDP,"['S2', 'F10', 'F10', 'E1']",2022-01-30T07:33:10
77,NNGLPO,JYM-71,7ZSSL-8FRI8-O9R6A,TCP,"['S2', 'F10', 'E2']",2022-01-31T03:59:21
78,NNGLPO,JYM-71,7ZSSL-8FRI8-O9R6A,UDP,"['F10', 'E2']",2022-01-31T04:00:58
79,NNGLPO,JYM-71,7ZSSL-8FRI8-O9R6A,UDP,"['F10', 'E1']",2022-01-31T04:01:37
80,NNGLPO,DZB-88,CCO9Q-HK1YQ-VRMHY,TCP,"['F10', 'S2', 'S2', 'F10', 'E1']",2022-01-31T04:02:52
81,NNGLPO,CYP-01,FR361-IQC8I-X45Z8,UDP,"['F10', 'F10', 'S2', 'S2', 'F10', 'E1']",2022-01-31T04:20:07
82,NNGLPO,CYP-01,X79C3-31AJN-WCYC5,AFDX,"['F10', 'F10', 'S2', 'F10', 'E1']",2022-01-31T04:23:38
83,NNGLPO,CYP-01,TQ714-D0L0D-IS3JV,AFDX,"['S2', 'F10', 'E1']",2022-01-31T04:25:47
84,NNGLPO,CYP-01,Q97Q0-98KL9-KCNIX,TCP,"['F10', 'S2', 'F10', 'E1']",2022-01-31T04:28:35
85,NNGLPO,CYP-01,0BQIO-SFP7L-LA6M8,TCP,"['F10', 'F10', 'S2', 'F10', 'E1']",2022-01-31T04:30:18
86,NNGLPO,CYP-01,762RU-BXP3L-H5W46,UDP,"['F10', 'S2', 'F10', 'E1']",2022-01-31T04:31:49
87,NAHPOU,,,,"['S2', 'E4']",2022-02-01T08:04:08
88,NAHPOU,,,,"['S2', 'S2', 'E4']",2022-02-01T08:53:43
89,NAHPOU,CTI-62,1Q1AC-YCLMJ-V7JSZ,TCP,"['S2', 'S2', 'F10', 'S1', 'F7', 'E1']",2022-02-01T10:22:26
90,NXGXCR,CTI-62,6IK47-8ATJ8-7MHHM,TCP,"['S1', 'E1']",2022-02-01T23:06:35
91,NXGXCR,CTI-62,Z0SST-1ZDFX-3B4U0,TCP,"['S1', 'F7', 'F8', 'E1']",2022-02-01T23:26:58
92,NYKTDU,JYM-71,7ZSSL-8FRI8-O9R6A,UDP,"['S2', 'F10', 'E2']",2022-02-02T06:54:29
93,NYKTDU,JYM-71,7ZSSL-8FRI8-O9R6A,UDP,"['F10', 'F10', 'E2']",2022-02-02T07:00:48
94,NYKTDU,JYM-71,7ZSSL-8FRI8-O9R6A,AFDX,"['F10', 'F10', 'S2', 'F10', 'E2']",2022-02-02T07:03:43
95,NYKTDU,JYM-71,7ZSSL-8FRI8-O9R6A,TCP,"['F10', 'F10', 'S2', 'S2', 'F10', 'E2']",2022-02-02T07:10:40
96,NYKTDU,JYM-71,7ZSSL-8FRI8-O9R6A,AFDX,"['S2', 'F10', 'E2']",2022-02-02T07:20:57
97,NYKTDU,,,,"['F10', 'S2', 'F10', 'S2', 'S2', 'S2', 'F10', 'E4']",2022-02-02T07:22:03
98,NYKTDU,JYM-71,7ZSSL-8FRI8-O9R6A,UDP,['E2'],2022-02-02T07:37:13
99,NYKTDU,,,,"['F10', 'F10', 'S2', 'S2', 'E4']",2022-02-02T07:37:24
100,NYKTDU,JYM-71,7ZSSL-8FRI8-O9R6A,TCP,"['S2', 'F10', 'E2']",2022-02-02T08:18:32
101,NYKTDU,JYM-71,7ZSSL-8FRI8-O9R6A,UDP,"['S2', 'F10', 'E2']",2022-02-02T08:48:59
102,NYKTDU,JYM-71,7ZSSL-8FRI8-O9R6A,UDP,"['S2', 'F10', 'E2']",2022-02-02T08:59:32
103,NYKTDU,JYM-71,7ZSSL-8FRI8-O9R6A,TCP,"['F10', 'E2']",2022-02-02T08:59:57
104,NYKTDU,JYM-71,7ZSSL-8FRI8-O9R6A,UDP,"['F10', 'E2']",2022-02-02T09:01:14
105,NYKTDU,JYM-71,7ZSSL-8FRI8-O9R6A,TCP,"['F10', 'S2', 'S2', 'S2', 'F10', 'E2']",2022-02-02T09:01:38
106,NYKTDU,JYM-71,7ZSSL-8FRI8-O9R6A,TCP,"['F10', 'E2']",2022-02-02T09:07:29
107,NYKTDU,,,,"['F10', 'S2', 'E4']",2022-02-02T09:07:54
108,NYKTDU,JYM-71,7ZSSL-8FRI8-O9R6A,TCP,"['S2', 'F10', 'E2']",2022-02-02T09:28:08
109,NYKTDU,JYM-71,7ZSSL-8FRI8-O9R6A,UDP,"['F10', 'S2', 'S2', 'F10', 'E2']",2022-02-02T09:28:41
110,NYKTDU,,,,"['F10', 'S2', 'E4']",2022-02-02T09:40:15
111,NYKTDU,,,,"['S2', 'S2', 'E4']",2022-02-02T10:26:44
112,NYKTDU,JYM-71,7ZSSL-8FRI8-O9R6A,UDP,"['S2', 'F10', 'E1']",2022-02-05T04:14:52
113,NYKTDU,CYP-01,FR361-IQC8I-X45Z8,TCP,"['S2', 'S2', 'F10', 'E1']",2022-02-05T04:17:31
114,NYKTDU,CYP-01,X79C3-31AJN-WCYC5,UDP,"['S2', 'F10', 'E1']",2022-02-05T04:21:41
115,NYKTDU,CYP-01,TQ714-D0L0D-IS3JV,TCP,"['S2', 'F10', 'E1']",2022-02-05T04:23:24
116,NYKTDU,CYP-01,Q97Q0-98KL9-KCNIX,UDP,"['S2', 'F10', 'E1']",2022-02-05T04:24:09
117,NYKTDU,CYP-01,0BQIO-SFP7L-LA6M8,AFDX,"['S2', 'F10', 'E1']",2022-02-05T04:25:16
118,NYKTDU,CYP-01,762RU-BXP3L-H5W46,TCP,"['S2', 'F10', 'E1']",2022-02-05T04:26:12
119,NAHPOU,,,,"['S2', 'S2', 'E4']",2022-02-07T05:08:56
120,NAHPOU,CTI-62,1Q1AC-YCLMJ-V7JSZ,TCP,"['S1', 'F7', 'E1']",2022-02-07T05:44:48
121,NAHPOU,CTI-62,2W7BZ-F5ENW-GSQBS,AFDX,"['S2', 'F10', 'S1', 'F7', 'E1']",2022-02-07T22:28:23
122,NGHHCH,,,,"['S2', 'S2', 'E4']",2022-02-09T07:43:39
123,NGHHCH,,,,"['S2', 'E4']",2022-02-09T08:09:58
124,NAHPOU,FNQ-26,6CD9O-601AW-MP4JT,UDP,"['S2', 'F10', 'E5']",2022-02-11T01:05:35
125,NAHPOU,FNQ-26,6CD9O-601AW-MP4JT,AFDX,"['S2', 'F10', 'E5']",2022-02-11T01:08:44
126,NAHPOU,FNQ-26,6CD9O-601AW-MP4JT,UDP,"['S2', 'F10', 'End8']",2022-02-11T01:20:46
127,NAHPOU,FNQ-26,6CD9O-601AW-MP4JT,UDP,"['S2', 'F10', 'E3']",2022-02-11T01:22:13
128,NAHPOU,FNQ-26,6CD9O-601AW-MP4JT,AFDX,"['S2', 'E5']",2022-02-11T01:33:52
129,NAHPOU,FNQ-26,6CD9O-601AW-MP4JT,UDP,"['S2', 'F10', 'E1']",2022-02-11T01:43:12
130,NAHPOU,,,,"['F10', 'F10', 'S2', 'S2', 'S2', 'S2', 'S2', 'E4']",2022-02-11T01:50:58
131,NAHPOU,CTI-62,CXZSW-YLZ8Z-QIQ4V,UDP,"['S2', 'F10', 'S1', 'F7', 'E1']",2022-02-11T02:28:07
132,NAHPOU,,,,"['S2', 'E4']",2022-02-12T17:09:29
133,NAHPOU,,,,"['S2', 'E4']",2022-02-12T18:25:36
134,NAHPOU,CTI-62,UFSQV-IHB7V-P4T4K,AFDX,"['S2', 'F10', 'S1', 'F7', 'E1']",2022-02-13T22:56:04
135,NAHPOU,,,,"['S2', 'S2', 'E4']",2022-02-14T00:02:22
136,NAHPOU,CTI-62,O0IHQ-D77SF-GI13R,UDP,"['S2', 'S2', 'F10', 'S1', 'F7', 'E1']",2022-02-15T10:22:31
137,NVTCMR,,,,"['S2', 'E4']",2022-02-16T09:04:14
138,NAHPOU,,,,"['S2', 'E4']",2022-02-19T23:23:02
139,NNGLPO,DZB-88,B1HOQ-99Z23-O0WT3,UDP,"['S2', 'F10', 'E1']",2022-02-21T03:04:13
140,NAFEMQ,DZB-88,B1HOQ-99Z23-O0WT3,TCP,"['S2', 'F10', 'E1']",2022-02-21T04:04:46
141,NAFEMQ,,,,"['F10', 'S2', 'E4']",2022-02-21T04:21:43
142,NAHPOU,,,,"['S2', 'E4']",2022-02-21T10:20:38
143,NAHPOU,CTI-62,BYWKL-J3XB7-WFFZ2,UDP,"['S2', 'S2', 'S2', 'S2', 'S2', 'S2', 'S2', 'F10', 'S1', 'F7', 'E1']",2022-02-21T23:51:20
144,NVTCMR,DZB-88,B1HOQ-99Z23-O0WT3,UDP,"['S2', 'F10', 'E1']",2022-02-22T04:06:04
145,NHLRUL,DZB-88,B1HOQ-99Z23-O0WT3,TCP,"['S2', 'F10', 'E1']",2022-02-24T05:04:33
146,NHLRUL,,,,"['F10', 'S2', 'E4']",2022-02-24T05:16:58
147,NAHPOU,,,,"['S2', 'S2', 'E4']",2022-02-24T23:34:23
148,NAHPOU,,,,"['F10', 'E4']",2022-02-24T23:52:18
149,NAHPOU,DZB-88,HVLWA-MX6W7-PV5TB,AFDX,['E5'],2022-02-25T00:04:31
150,NAHPOU,DZB-88,HVLWA-MX6W7-PV5TB,UDP,"['S2', 'S2', 'F10', 'E5']",2022-02-25T00:14:23
151,NAHPOU,CTI-62,VC5JC-MNO33-6VD6E,TCP,"['S1', 'F7', 'E1']",2022-02-25T02:16:11
152,NYKTDU,DZB-88,B1HOQ-99Z23-O0WT3,UDP,"['S2', 'F10', 'E1']",2022-02-26T07:17:40
153,NYKTDU,,,,"['F10', 'F10', 'F10', 'E4']",2022-02-26T07:32:39
154,NAHPOU,,,,"['S2', 'S2', 'S2', 'S2', 'S2', 'S2', 'S2', 'S2', 'S2', 'E4']",2022-03-02T23:37:41
155,NAHPOU,CTI-62,6KVAA-6S5VK-SZOH3,UDP,"['S1', 'F7', 'E1']",2022-03-03T00:05:37
156,NAHPOU,,,,"['S2', 'E4']",2022-03-03T00:16:42
157,NAHPOU,CTI-62,LWAJY-7EJI0-3O1EO,AFDX,"['S2', 'S1', 'F7', 'E1']",2022-03-03T00:34:50
158,NAHPOU,,,,"['S2', 'S2', 'E4']",2022-03-05T08:03:36
159,NAHPOU,FNQ-26,RM3UQ-SMJ20-KXF3F,UDP,['E1'],2022-03-10T00:05:22
160,NAHPOU,FNQ-26,RM3UQ-SMJ20-KXF3F,TCP,"['S2', 'S2', 'S2', 'F10', 'E1']",2022-03-10T00:23:35
161,NAHPOU,FNQ-26,RM3UQ-SMJ20-KXF3F,AFDX,"['S2', 'E1']",2022-03-10T00:38:34
162,NAHPOU,,,,"['S2', 'E4']",2022-03-10T00:46:23
163,NAHPOU,FNQ-26,RM3UQ-SMJ20-KXF3F,UDP,['E1'],2022-03-10T01:21:09
164,NAHPOU,FNQ-26,BQUW5-PA261-COIGE,TCP,"['S2', 'S2', 'F10', 'E1']",2022-03-13T22:38:04
165,NAHPOU,,,,"['S2', 'F10', 'S2', 'E4']",2022-03-13T22:46:54
166,NAHPOU,,,,"['S2', 'E4']",2022-03-30T19:00:59
167,NAHPOU,DZB-88,BIHID-8KQF9-1A951,UDP,['E3'],2022-03-31T04:35:37
168,NAHPOU,,,,"['F10', 'E4']",2022-03-31T04:35:39
169,NAHPOU,DZB-88,BIHID-8KQF9-1A951,UDP,['E1'],2022-03-31T05:06:33
170,NAHPOU,CTI-62,CXZSW-YLZ8Z-QIQ4V,AFDX,"['S2', 'F10', 'S1', 'F7', 'F8', 'E1']",2022-03-31T05:07:58
171,NAHPOU,FNQ-26,BQUW5-PA261-COIGE,UDP,"['S2', 'F10', 'E1']",2022-03-31T05:19:11
172,NAHPOU,,,,"['F10', 'E4']",2022-03-31T05:25:13
173,NAHPOU,,,,"['S2', 'E4']",2022-04-04T01:42:50
174,NAHPOU,DZB-88,PMQJK-P33XR-I4GAQ,UDP,['E1'],2022-04-19T00:36:40
175,NAHPOU,,,,"['S2', 'F10', 'E4']",2022-04-19T10:45:45
176,NAHPOU,DZB-88,PBVF6-QL287-Z0X7D,UDP,['E1'],2022-04-19T11:17:07
177,NAHPOU,,,,"['S2', 'E4']",2022-04-26T20:47:51
178,NAHPOU,,,,"['S2', 'E4']",2022-04-26T22:24:22
179,NAHPOU,,,,"['S2', 'E4']",2022-04-27T00:45:20
180,NAHPOU,,,,"['S2', 'E4']",2022-05-04T20:49:57
181,NAHPOU,,,,"['S2', 'S2', 'E4']",2022-05-08T11:25:10
182,NAHPOU,CYP-01,EFGDJ-KRA3C-P220R,AFDX,"['S2', 'S2', 'S2', 'S2', 'S2', 'F10', 'F9', 'E2']",2022-05-08T11:42:33
183,NAHPOU,CYP-01,CKSOP-5WYM6-OCY5Q,UDP,"['F10', 'S2', 'F10', 'F9', 'E2']",2022-05-08T11:52:35
184,NAHPOU,CYP-01,BQ9P7-B81T5-WTPBU,UDP,"['S2', 'F10', 'F9', 'E2']",2022-05-08T11:53:33
185,NAHPOU,CYP-01,BQ9P7-B81T5-WTPBU,AFDX,"['F10', 'F9', 'E2']",2022-05-08T11:54:17
186,NAHPOU,CYP-01,EFGDJ-KRA3C-P220R,TCP,"['S2', 'F10', 'E2']",2022-05-08T11:55:16
187,NAHPOU,JYM-71,03C0K-E2FOQ-TQ72J,TCP,"['S2', 'F10', 'E1']",2022-05-09T04:56:01
188,NAHPOU,JYM-71,LNLKA-L6QA2-D9SGK,AFDX,"['F10', 'S2', 'S2', 'F10', 'E1']",2022-05-09T04:58:42
189,NAHPOU,JYM-71,0DH9P-INONW-83IQY,AFDX,"['F10', 'S2', 'S2', 'F10', 'E1']",2022-05-09T05:01:36
190,NAHPOU,CYP-01,N9UW4-I9V7P-KVEH1,AFDX,"['F10', 'S2', 'S2', 'F10', 'E1']",2022-05-09T05:05:17
191,NAHPOU,CYP-01,JOFF7-GMPSD-IPGDT,TCP,"['F10', 'S2', 'F10', 'E1']",2022-05-09T05:08:04
192,NAHPOU,CYP-01,HDQII-R0O4O-IAWVE,UDP,"['S2', 'F10', 'F10', 'E1']",2022-05-09T05:09:20
193,NAHPOU,CYP-01,NI192-E5X2R-UC2D6,TCP,"['F10', 'S2', 'F10', 'E1']",2022-05-09T05:11:55
194,NAHPOU,CYP-01,BQ9P7-B81T5-WTPBU,TCP,"['F10', 'S2', 'F10', 'E1']",2022-05-09T05:13:46
195,NAHPOU,CYP-01,CKSOP-5WYM6-OCY5Q,TCP,"['F10', 'S2', 'F10', 'E1']",2022-05-09T05:15:08
196,NAHPOU,,,,"['F10', 'S2', 'E4']",2022-05-09T05:18:51
197,NAHPOU,,,,"['S2', 'F10', 'E4']",2022-05-18T18:46:02
198,NAHPOU,DZB-88,50DNC-9OQBL-K84TM,UDP,['E1'],2022-05-18T19:19:31
199,NAHPOU,,,,"['S2', 'E4']",2022-06-08T05:47:17
200,NAHPOU,,,,"['S2', 'E4']",2022-06-12T05:39:19
201,NAHPOU,,,,"['S2', 'S2', 'S2', 'F10', 'E4']",2022-06-14T03:02:47
202,NAHPOU,DZB-88,KUAKD-5B263-0EYTA,AFDX,['E1'],2022-06-14T03:34:24
203,NAHPOU,,,,"['F10', 'S2', 'E4']",2022-06-14T03:36:29
204,NAHPOU,,,,"['S2', 'F10', 'S2', 'E4']",2022-06-14T04:39:03
205,NAHPOU,,,,"['S2', 'S2', 'E4']",2022-07-19T06:08:34
206,NAHPOU,,,,"['S2', 'E4']",2022-07-21T02:40:12
207,NAHPOU,MRQ-36,01NC1-VDOR5-LR7QS,TCP,"['S2', 'F10', 'F4', 'F3', 'E1']",2022-07-22T02:26:03
208,NAHPOU,VMF-43,01NC1-VDOR5-LR7QS,UDP,"['S2', 'F10', 'F4', 'F3', 'E1']",2022-07-22T02:31:30
209,NAHPOU,MRQ-36,WK6PO-1K9OH-F0A0H,TCP,"['S2', 'F10', 'F4', 'F3', 'E1']",2022-07-22T02:33:34
210,NAHPOU,VMF-43,WK6PO-1K9OH-F0A0H,TCP,"['S2', 'F10', 'F4', 'F3', 'E1']",2022-07-22T02:34:42
211,NAHPOU,CTI-62,GXZMK-I7HBA-TY2DC,AFDX,"['S2', 'F10', 'S1', 'F7', 'E1']",2022-07-22T02:35:47
212,NAHPOU,GDQ-20,01NC1-VDOR5-LR7QS,AFDX,"['S2', 'F10', 'F4', 'E2']",2022-07-22T02:48:09
213,NAHPOU,,,,"['F10', 'F5', 'S2', 'S2', 'E4']",2022-07-22T02:48:45
214,NAHPOU,GDQ-20,01NC1-VDOR5-LR7QS,UDP,"['S2', 'F10', 'F4', 'F3', 'E1']",2022-07-22T03:53:19
215,NAHPOU,YIX-90,01NC1-VDOR5-LR7QS,TCP,"['S2', 'F10', 'F4', 'F3', 'E1']",2022-07-22T03:55:31
216,NAHPOU,GDQ-20,WK6PO-1K9OH-F0A0H,TCP,"['S2', 'F10', 'F4', 'F3', 'E1']",2022-07-22T03:56:59
217,NAHPOU,YIX-90,WK6PO-1K9OH-F0A0H,UDP,"['S2', 'F10', 'F4', 'F3', 'E1']",2022-07-22T03:57:51
218,NAHPOU,,,,"['F10', 'E4']",2022-07-22T03:58:31
219,NAHPOU,,,,"['F10', 'S2', 'E4']",2022-07-22T04:47:03
220,NAHPOU,,,,"['S2', 'E4']",2022-07-22T05:20:44
221,NGHHCH,CTI-62,KGZUX-DQKQV-CYB4U,TCP,"['S2', 'S1', 'F7', 'E1']",2022-09-19T19:01:00
222,NGHHCH,QBH-26,7JSPN-BBQFW-0STX3,UDP,"['F2', 'F1', 'E1']",2022-09-19T19:24:21
223,NGHHCH,QZW-95,7JSPN-BBQFW-0STX3,AFDX,['E1'],2022-09-19T19:28:32
224,NAFEMQ,DZB-88,EOVUB-F7AGR-83OOQ,TCP,"['S2', 'F10', 'E1']",2022-10-03T05:07:08
225,NAFEMQ,,,,"['F10', 'E4']",2022-10-03T05:19:07
226,NYKTDU,DZB-88,EOVUB-F7AGR-83OOQ,UDP,"['S2', 'F10', 'E1']",2022-10-05T04:39:43
227,NVTCMR,DZB-88,EOVUB-F7AGR-83OOQ,UDP,"['S2', 'F10', 'E1']",2022-10-07T04:49:14
228,NVTCMR,,,,"['F10', 'S2', 'E4']",2022-10-07T05:21:03
229,NHLRUL,DZB-88,EOVUB-F7AGR-83OOQ,UDP,"['S2', 'F10', 'E1']",2022-10-08T07:00:51
230,NHLRUL,SKM-10,EOVUB-F7AGR-83OOQ,UDP,"['F10', 'F10', 'S2', 'S2', 'F10', 'E1']",2022-10-08T07:13:25
231,NHLRUL,,,,"['F10', 'S2', 'E4']",2022-10-08T07:25:09
232,NXGXCR,DZB-88,EOVUB-F7AGR-83OOQ,UDP,"['S2', 'F10', 'E1']",2022-10-10T03:45:56
233,NYEENP,QBH-26,AW97T-08ZFK-GD2CO,TCP,"['F2', 'F1', 'E1']",2022-10-13T00:41:58
234,NYEENP,QZW-95,AW97T-08ZFK-GD2CO,AFDX,['E1'],2022-10-13T00:43:43
235,NYEENP,DZB-88,PCYJ6-I4X2Q-1KIDU,TCP,"['S2', 'F10', 'E1']",2022-10-13T00:45:26
236,NHLRUL,,,,"['S2', 'S2', 'E4']",2022-10-17T04:38:34
237,NHLRUL,TLD-80,C0FW5-A5J0W-FY7QK,UDP,"['S2', 'F10', 'E2']",2022-10-17T09:25:28
238,NHLRUL,,,,"['F10', 'S2', 'S2', 'S2', 'F10', 'E4']",2022-10-17T09:26:31
239,NHLRUL,TLD-80,C0FW5-A5J0W-FY7QK,TCP,['E1'],2022-10-17T09:42:24
240,NYKTDU,,,,"['S2', 'F10', 'S2', 'S2', 'S2', 'F10', 'E4']",2022-10-22T05:24:59
241,NYKTDU,TLD-80,C0FW5-A5J0W-FY7QK,AFDX,['E1'],2022-10-22T05:40:12
242,NXGXCR,,,,"['S2', 'S2', 'E4']",2022-10-24T08:24:18
243,NXGXCR,,,,"['S2', 'F10', 'E4']",2022-10-24T08:42:22
244,NXGXCR,DZB-88,IKBSW-7J88F-M81N5,AFDX,['E1'],2022-10-24T08:59:04
245,NXGXCR,DZB-88,8QOD0-9A65M-KGM2W,UDP,"['S2', 'F10', 'E1']",2022-10-24T08:59:12
246,NXGXCR,DZB-88,FTGGF-27KTH-MP3I8,UDP,"['S2', 'F10', 'E1']",2022-10-24T09:03:42
247,NXGXCR,DZB-88,ZB9AL-NC9YB-T8PWA,AFDX,"['S2', 'F10', 'E1']",2022-10-24T09:04:20
248,NXGXCR,DZB-88,LLJ5K-P6RZ3-LBP1Y,TCP,"['S2', 'F10', 'E1']",2022-10-24T09:04:53
249,NXGXCR,DZB-88,B5WN3-J8UOT-PQEFX,TCP,"['S2', 'F10', 'End6']",2022-10-24T09:05:27
250,NXGXCR,DZB-88,B5WN3-J8UOT-PQEFX,UDP,"['S2', 'F10', 'End6']",2022-10-24T09:06:40
251,NXGXCR,,,,"['S2', 'F10', 'S2', 'E4']",2022-10-24T09:08:01
252,NYKTDU,,,,"['S2', 'E4']",2022-10-28T11:03:34
253,NAFEMQ,DZB-88,98JZI-Z991E-0W9RZ,AFDX,"['S2', 'F10', 'E1']",2022-10-31T04:52:59
254,NVTCMR,DZB-88,98JZI-Z991E-0W9RZ,AFDX,"['S2', 'F10', 'E1']",2022-10-31T04:58:17
255,NAFEMQ,,,,"['F10', 'E4']",2022-10-31T05:08:37
256,NVTCMR,,,,"['F10', 'E4']",2022-10-31T05:13:11
257,NAFEMQ,,,,"['S2', 'E4']",2022-10-31T06:16:34
258,NHLRUL,,,,"['S2', 'E4']",2022-11-01T14:50:41
259,NHLRUL,DZB-88,98JZI-Z991E-0W9RZ,AFDX,"['S2', 'F10', 'E1']",2022-11-03T03:58:16
260,NNGLPO,DZB-88,98JZI-Z991E-0W9RZ,AFDX,"['S2', 'F10', 'E1']",2022-11-04T03:49:58
261,NNGLPO,,,,"['F10', 'E4']",2022-11-04T04:10:54
262,NNGLPO,,,,"['F10', 'E4']",2022-11-04T04:38:21
263,NXGXCR,DZB-88,98JZI-Z991E-0W9RZ,AFDX,"['S2', 'F10', 'E1']",2022-11-06T04:22:24
264,NYKTDU,DZB-88,98JZI-Z991E-0W9RZ,AFDX,"['S2', 'F10', 'E1']",2022-11-08T08:06:34
265,NYKTDU,,,,"['F10', 'F10', 'E4']",2022-11-08T08:18:50
266,NYKTDU,FNQ-26,TJTNT-27SRC-7RK6I,UDP,"['S2', 'F10', 'E1']",2022-11-12T07:11:27
267,NYKTDU,,,,"['F10', 'S2', 'S2', 'E4']",2022-11-12T07:26:49
268,NNGLPO,FNQ-26,TJTNT-27SRC-7RK6I,AFDX,"['S2', 'F10', 'E1']",2022-11-13T06:57:22
269,NAFEMQ,,,,"['S2', 'S2', 'S2', 'S2', 'S2', 'S2', 'S2', 'S2', 'S2', 'S2', 'S2', 'S2', 'S2', 'S2', 'S2', 'S2', 'S2', 'S2', 'S2', 'E4']",2022-11-14T05:34:30
270,NAFEMQ,,,,"['S2', 'S2', 'E4']",2022-11-14T05:50:15
271,NAFEMQ,,,,"['S2', 'S2', 'S2', 'S2', 'S2', 'S2', 'S2', 'S2', 'S2', 'S2', 'S2', 'S2', 'E4']",2022-11-14T06:24:57
272,NAFEMQ,FNQ-26,TJTNT-27SRC-7RK6I,AFDX,"['S2', 'F10', 'E1']",2022-11-14T06:42:48
273,NHLRUL,FNQ-26,TJTNT-27SRC-7RK6I,AFDX,"['S2', 'S2', 'F10', 'E1']",2022-11-15T05:54:22
274,NXGXCR,,,,"['S2', 'S2', 'S2', 'S2', 'S2', 'S2', 'S2', 'S2', 'S2', 'S2', 'S2', 'S2', 'S2', 'S2', 'E4']",2022-11-15T22:30:16
275,NXGXCR,CTI-62,HES1G-MMWAO-N8LW3,UDP,"['S1', 'F7', 'E1']",2022-11-15T22:47:46
276,NVTCMR,FNQ-26,TJTNT-27SRC-7RK6I,TCP,"['S2', 'S2', 'S2', 'S2', 'S2', 'S2', 'S2', 'F10', 'E1']",2022-11-21T04:10:48
277,NVTCMR,,,,"['F10', 'F10', 'S2', 'E4']",2022-11-21T04:25:13
278,NVTCMR,,,,"['S2', 'E4']",2022-11-21T05:29:49
279,NXGXCR,FNQ-26,TJTNT-27SRC-7RK6I,UDP,"['S2', 'F10', 'E1']",2022-11-25T07:52:01
280,NXGXCR,,,,"['F10', 'S2', 'S2', 'E4']",2022-11-25T07:58:53
281,NHLRUL,MRQ-36,YWOBC-IE1BW-ZBTW6,UDP,"['S2', 'F10', 'F4', 'F4', 'F3', 'F3', 'E1']",2022-11-25T08:06:25
282,NHLRUL,MRQ-36,88DIS-SYFA0-HWA26,UDP,"['S2', 'F10', 'F4', 'F4', 'F3', 'F3', 'E1']",2022-11-25T08:08:28
283,NHLRUL,GDQ-20,YWOBC-IE1BW-ZBTW6,UDP,"['S2', 'F10', 'F4', 'F4', 'F3', 'F3', 'E1']",2022-11-25T08:09:18
284,NHLRUL,GDQ-20,88DIS-SYFA0-HWA26,TCP,"['S2', 'F10', 'F4', 'F4', 'F3', 'F3', 'E1']",2022-11-25T08:10:45
285,NHLRUL,,,,"['S2', 'E4']",2022-11-25T08:15:12
286,NXGXCR,,,,"['S2', 'E4']",2022-11-25T09:17:03
287,NYKTDU,CTI-62,NEJ1Z-2DNXU-78DWO,TCP,"['S2', 'S2', 'F10', 'S1', 'F7', 'E1']",2022-11-28T04:21:50
288,NYKTDU,CTI-62,NEJ1Z-2DNXU-78DWO,UDP,"['S2', 'F10', 'S1', 'F7', 'E1']",2022-11-28T04:39:56
289,NYKTDU,CTI-62,NEJ1Z-2DNXU-78DWO,UDP,"['S2', 'F10', 'S1', 'F7', 'E1']",2022-11-28T04:46:28
290,NYKTDU,CTI-62,NEJ1Z-2DNXU-78DWO,UDP,"['S2', 'F10', 'S1', 'F7', 'E1']",2022-11-28T04:59:18
291,NYKTDU,CTI-62,NEJ1Z-2DNXU-78DWO,AFDX,"['S2', 'F10', 'S1', 'F7', 'E1']",2022-11-28T05:17:17
292,NNGLPO,DZB-88,Z9VCN-AEY0Y-CNQQU,TCP,"['S2', 'F10', 'E1']",2022-11-30T05:35:05
293,NNGLPO,CTI-62,NEJ1Z-2DNXU-78DWO,UDP,"['F10', 'S2', 'S2', 'F10', 'S1', 'F7', 'E1']",2022-11-30T05:50:50
294,NVTCMR,DZB-88,Z9VCN-AEY0Y-CNQQU,AFDX,"['S2', 'F10', 'E1']",2022-11-30T06:17:50
295,NXGXCR,CTI-62,NEJ1Z-2DNXU-78DWO,AFDX,"['S2', 'F10', 'S1', 'F7', 'E1']",2022-12-04T07:05:54
296,NXGXCR,DZB-88,Z9VCN-AEY0Y-CNQQU,AFDX,"['S2', 'F10', 'E1']",2022-12-04T07:16:17
297,NHLRUL,DZB-88,Z9VCN-AEY0Y-CNQQU,UDP,"['S2', 'F10', 'E1']",2022-12-04T07:45:35
298,NHLRUL,,,,"['F10', 'S2', 'E4']",2022-12-04T08:01:45
299,NXGXCR,MRQ-36,YWOBC-IE1BW-ZBTW6,TCP,"['F4', 'F3', 'E1']",2022-12-04T10:36:12
300,NXGXCR,MRQ-36,88DIS-SYFA0-HWA26,AFDX,"['F4', 'F3', 'E1']",2022-12-04T10:38:55
301,NXGXCR,VMF-43,YWOBC-IE1BW-ZBTW6,UDP,"['F4', 'F3', 'E1']",2022-12-04T10:40:51
302,NXGXCR,VMF-43,88DIS-SYFA0-HWA26,UDP,"['F4', 'F3', 'E1']",2022-12-04T10:42:35
303,NXGXCR,GDQ-20,YWOBC-IE1BW-ZBTW6,UDP,"['F4', 'F3', 'E1']",2022-12-04T10:44:19
304,NXGXCR,GDQ-20,88DIS-SYFA0-HWA26,TCP,"['F4', 'F3', 'E1']",2022-12-04T10:46:23
305,NXGXCR,YIX-90,YWOBC-IE1BW-ZBTW6,UDP,"['F4', 'F3', 'E1']",2022-12-04T10:47:29
306,NXGXCR,YIX-90,88DIS-SYFA0-HWA26,AFDX,"['F4', 'F3', 'E1']",2022-12-04T10:49:09
307,NHLRUL,CTI-62,NEJ1Z-2DNXU-78DWO,UDP,"['S2', 'F10', 'S1', 'F7', 'E1']",2022-12-04T11:03:25
308,NHLRUL,JYM-71,LNLKA-L6QA2-D9SGK,AFDX,"['S2', 'F10', 'E1']",2022-12-04T11:40:11
309,NHLRUL,JYM-71,0DH9P-INONW-83IQY,UDP,"['S2', 'F10', 'E1']",2022-12-04T11:42:59
310,NHLRUL,JYM-71,03C0K-E2FOQ-TQ72J,UDP,"['S2', 'F10', 'E1']",2022-12-04T11:43:45
311,NHLRUL,CYP-01,ZGLJN-M5BGD-MHIQX,UDP,"['F10', 'S2', 'S2', 'F10', 'F9', 'E2']",2022-12-04T11:44:29
312,NHLRUL,CYP-01,ZGLJN-M5BGD-MHIQX,AFDX,"['F10', 'F9', 'E2']",2022-12-04T11:47:34
313,NHLRUL,CYP-01,ZGLJN-M5BGD-MHIQX,TCP,"['F10', 'F9', 'E2']",2022-12-04T11:49:48
314,NHLRUL,CYP-01,N9UW4-I9V7P-KVEH1,AFDX,"['F10', 'S2', 'F10', 'F10', 'E1']",2022-12-04T11:55:51
315,NHLRUL,CYP-01,ZGLJN-M5BGD-MHIQX,UDP,"['S2', 'F10', 'E1']",2022-12-04T11:57:39
316,NHLRUL,CYP-01,NI192-E5X2R-UC2D6,UDP,"['S2', 'F10', 'E1']",2022-12-04T11:58:36
317,NHLRUL,CYP-01,Q97Q0-98KL9-KCNIX,UDP,"['S2', 'F10', 'E1']",2022-12-04T11:59:21
318,NHLRUL,CYP-01,VPRKH-WUKIU-W687M,AFDX,"['S2', 'F10', 'E1']",2022-12-04T12:00:05
319,NHLRUL,CYP-01,HDQII-R0O4O-IAWVE,TCP,"['S2', 'F10', 'F10', 'E1']",2022-12-04T12:00:57
320,NHLRUL,,,,"['F10', 'S2', 'E4']",2022-12-04T12:01:19
321,NAFEMQ,DZB-88,Z9VCN-AEY0Y-CNQQU,UDP,"['S2', 'F10', 'E1']",2022-12-05T04:50:57
322,NAFEMQ,MRQ-36,YWOBC-IE1BW-ZBTW6,TCP,"['F10', 'S2', 'S2', 'F10', 'F4', 'F4', 'F3', 'F3', 'E1']",2022-12-05T05:56:03
323,NAFEMQ,VMF-43,YWOBC-IE1BW-ZBTW6,AFDX,"['S2', 'F10', 'F4', 'F4', 'F3', 'F3', 'E1']",2022-12-05T06:04:05
324,NAFEMQ,MRQ-36,88DIS-SYFA0-HWA26,AFDX,"['S2', 'F10', 'F4', 'F3', 'E1']",2022-12-05T06:06:38
325,NAFEMQ,VMF-43,88DIS-SYFA0-HWA26,AFDX,"['S2', 'F10', 'F4', 'F3', 'E1']",2022-12-05T06:08:24
326,NAFEMQ,GDQ-20,88DIS-SYFA0-HWA26,TCP,"['S2', 'F10', 'F4', 'F3', 'E1']",2022-12-05T06:09:34
327,NAFEMQ,YIX-90,88DIS-SYFA0-HWA26,AFDX,"['S2', 'F10', 'F4', 'F3', 'E1']",2022-12-05T06:10:46
328,NYKTDU,DZB-88,Z9VCN-AEY0Y-CNQQU,TCP,"['S2', 'F10', 'E1']",2022-12-05T06:19:25
329,NYKTDU,SKM-10,Z9VCN-AEY0Y-CNQQU,UDP,"['F10', 'S2', 'S2', 'F10', 'S2', 'S2', 'S2', 'S2', 'S2', 'S2', 'S2', 'S2', 'F10', 'E1']",2022-12-05T06:33:19
330,NAFEMQ,,,,"['F10', 'S2', 'S2', 'F10', 'E4']",2022-12-05T06:39:54
331,NYKTDU,,,,"['F10', 'S2', 'E4']",2022-12-05T06:47:38
332,NAFEMQ,FNQ-26,YNY60-IG56K-XDY9U,UDP,['E1'],2022-12-05T07:28:20
333,NAFEMQ,FNQ-26,TJTNT-27SRC-7RK6I,AFDX,"['F10', 'S2', 'F10', 'E1']",2022-12-05T07:28:26
334,NAFEMQ,,,,"['F10', 'S2', 'E4']",2022-12-05T07:38:19
335,NAFEMQ,,,,"['S2', 'S2', 'S2', 'S2', 'F10', 'E4']",2022-12-10T09:07:46
336,NAFEMQ,FNQ-26,YNY60-IG56K-XDY9U,TCP,['E1'],2022-12-10T09:59:02
337,NAFEMQ,FNQ-26,TJTNT-27SRC-7RK6I,AFDX,"['F10', 'S2', 'F10', 'E1']",2022-12-10T10:06:45
338,NAFEMQ,,,,"['F10', 'S2', 'S2', 'S2', 'S2', 'E4']",2022-12-10T10:14:07
339,NYKTDU,MRQ-36,YWOBC-IE1BW-ZBTW6,UDP,"['S2', 'F10', 'F4', 'F3', 'E1']",2022-12-12T09:04:22
340,NYKTDU,MRQ-36,88DIS-SYFA0-HWA26,TCP,"['S2', 'F10', 'F4', 'F3', 'E1']",2022-12-12T09:07:49
341,NYKTDU,VMF-43,YWOBC-IE1BW-ZBTW6,TCP,"['S2', 'F10', 'F4', 'F3', 'E1']",2022-12-12T09:09:44
342,NYKTDU,VMF-43,88DIS-SYFA0-HWA26,AFDX,"['S2', 'F10', 'F4', 'F3', 'E1']",2022-12-12T09:11:31
343,NYKTDU,GDQ-20,YWOBC-IE1BW-ZBTW6,UDP,"['S2', 'F10', 'F4', 'F3', 'E1']",2022-12-12T09:12:56
344,NYKTDU,GDQ-20,88DIS-SYFA0-HWA26,AFDX,"['S2', 'F10', 'F4', 'F3', 'E1']",2022-12-12T09:14:46
345,NYKTDU,YIX-90,YWOBC-IE1BW-ZBTW6,UDP,"['S2', 'F10', 'F4', 'F3', 'E1']",2022-12-12T09:16:09
346,NYKTDU,YIX-90,88DIS-SYFA0-HWA26,AFDX,"['S2', 'F10', 'F4', 'F3', 'E1']",2022-12-12T09:17:44
347,NYKTDU,,,,"['F10', 'F10', 'E4']",2022-12-12T09:18:55
348,NXGXCR,GDQ-20,88DIS-SYFA0-HWA26,AFDX,"['S2', 'F10', 'F4', 'F3', 'E1']",2022-12-14T18:05:28
349,NXGXCR,GDQ-20,88DIS-SYFA0-HWA26,UDP,"['S2', 'F10', 'S2', 'S2', 'F10', 'F4', 'F3', 'E1']",2022-12-14T18:08:30
350,NXGXCR,GDQ-20,YWOBC-IE1BW-ZBTW6,TCP,"['F10', 'F10', 'S2', 'F10', 'F10', 'F10', 'F4', 'F3', 'E1']",2022-12-14T18:10:02
351,NVTCMR,MRQ-36,01NC1-VDOR5-LR7QS,TCP,"['S2', 'F10', 'F10', 'F10', 'F10', 'F10', 'F4', 'F3', 'E1']",2022-12-22T06:47:23
352,NVTCMR,MRQ-36,YWOBC-IE1BW-ZBTW6,AFDX,"['S2', 'F10', 'F4', 'F3', 'E1']",2022-12-22T06:51:22
353,NVTCMR,MRQ-36,88DIS-SYFA0-HWA26,AFDX,"['S2', 'F10', 'F4', 'F3', 'E1']",2022-12-22T06:53:22
354,NVTCMR,VMF-43,YWOBC-IE1BW-ZBTW6,TCP,"['S2', 'F10', 'F4', 'F3', 'E1']",2022-12-22T06:55:17
355,NVTCMR,VMF-43,88DIS-SYFA0-HWA26,AFDX,"['S2', 'S2', 'S2', 'F10', 'F4', 'F3', 'E1']",2022-12-22T06:56:58
356,NVTCMR,GDQ-20,YWOBC-IE1BW-ZBTW6,UDP,"['S2', 'F10', 'F4', 'F3', 'E1']",2022-12-22T06:58:08
357,NVTCMR,GDQ-20,88DIS-SYFA0-HWA26,UDP,"['S2', 'F10', 'F4', 'F3', 'E1']",2022-12-22T07:00:05
358,NVTCMR,YIX-90,YWOBC-IE1BW-ZBTW6,AFDX,"['S2', 'F10', 'F4', 'F3', 'E1']",2022-12-22T07:01:52
359,NVTCMR,YIX-90,88DIS-SYFA0-HWA26,TCP,"['S2', 'F10', 'F4', 'F3', 'E1']",2022-12-22T07:03:21
360,NVTCMR,DZB-88,R1G39-FDI3H-VD6HW,TCP,"['S2', 'F10', 'E1']",2022-12-27T05:00:26
361,NVTCMR,,,,"['F10', 'S2', 'S2', 'E4']",2022-12-27T05:18:34
362,NHLRUL,DZB-88,R1G39-FDI3H-VD6HW,AFDX,"['S2', 'F10', 'E1']",2022-12-27T07:15:49
363,NVTCMR,MRQ-36,YWOBC-IE1BW-ZBTW6,AFDX,"['F4', 'E1']",2022-12-27T10:10:00
364,NVTCMR,MRQ-36,88DIS-SYFA0-HWA26,AFDX,"['F4', 'F3', 'E1']",2022-12-27T10:20:36
365,NXGXCR,DZB-88,R1G39-FDI3H-VD6HW,TCP,"['S2', 'F10', 'E1']",2022-12-28T06:29:16
366,NYKTDU,DZB-88,R1G39-FDI3H-VD6HW,UDP,"['S2', 'F10', 'E1']",2022-12-29T05:45:52
367,NVTCMR,DZB-88,R1G39-FDI3H-VD6HW,TCP,"['S2', 'F10', 'E1']",2022-12-30T04:52:26
368,NVTCMR,SKM-10,R1G39-FDI3H-VD6HW,UDP,"['S2', 'F10', 'E1']",2022-12-30T05:05:34
369,NVTCMR,,,,"['F10', 'S2', 'S2', 'E4']",2022-12-30T05:16:44
370,NNGLPO,DZB-88,R1G39-FDI3H-VD6HW,UDP,"['S2', 'F10', 'E1']",2022-12-30T07:15:49
371,NNGLPO,,,,"['F10', 'S2', 'E4']",2022-12-30T07:31:47
372,NNGLPO,XHU-88,DSWD1-FLOS7-SV7OT,TCP,"['S2', 'F10', 'E1']",2022-12-30T10:45:48
